,Count
,1767
BIJ,981
GESCHREVEN,868
DE,804
EN,771
MAAT,767
WANDELSCHOENEN,734
EEN,523
IK,453
SCHOENEN,375
ZE,319
IS,295
IN,279
VOOR,266
HET,262
NIET,258
ZIJN,256
SCHOEN,255
VAN,246
MAAR,244
HEREN,244
HEB,243
DEZE,216
GOED,208
TE,203
GOEDE,198
MET,198
DAMES,193
WATERDICHT,189
OP,189
MIJN,184
JE,184
MEINDL,177
ER,170
ZITTEN,160
OOK,157
WANDELSCHOEN,150
MID,149
AAN,149
LOPEN,148
BRUIN,144
DAT,140
DIT,135
AL,134
GRISPORT,130
LEER,129
GEEN,128
43,126
ALS,120
GTX,119
WEL,114
OM,113
NA,109
ADEMEND,109
DIE,107
UNISEX,106
39,105
TRAVELIN',105
WAT,104
42,102
PAAR,100
FIJNE,97
STEVIGE,97
|,96
PASVORM,96
VOETEN,95
HEEL,94
LEKKER,94
GRIJS,94
MANNEN,90
BLAUW,89
DAN,88
2,88
KWALITEIT,87
PRIMA,87
LOW,87
MEE,86
ZEER,86
DUS,80
GORETEX,78
ZOOL,78
NOG,78
MERRELL,77
WAS,75
ZWART,74
ECHT,74
VEEL,74
LOOPT,73
NU,72
44,72
DOOR,70
HEERLIJK,69
UIT,67
ERG,65
REGATTA,61
MEER,61
BLACK,60
MOOIE,60
SKECHERS,58
LICHT,58
OF,58
41,58
KAN,58
VOET,57
JAAR,57
LOS,57
40,57
PRIJS,57
SUPER,56
38,55
MIJ,54
KLEUR,53
BEN,52
HOGE,52
OMDAT,51
MOOI,51
NYBORG,49
HAD,49
46,48
VAKUUM,48
PERFECT,47
SNEL,47
GEBRUIK,47
45,47
KLEIN,45
STEVIG,45
ZOLEN,45
GROTER,45
JAREN,45
NAAR,44
GEKOCHT,43
WANDELEN,43
BREDE,42
HELE,42
ZIT,42
MOAB,42
COMFORTABEL,42
II,41
ULTRA,41
VETERS,40
ZEKER,39
HIJ,39
GAAN,39
TOCH,39
FIJN,38
BESTELD,38
LOOP,37
HEBBEN,37
WANDELING,36
BLIJ,36
LICHTE,35
GRI,35
WAREN,35
WAAR,34
DAG,33
VALT,33
ZO,32
VIND,32
LADY,32
KEEN,32
WEER,31
LAGE,30
IETS,30
ZWART/GRIJS,30
MAANDEN,30
ANDERE,30
ALLEEN,30
MOET,30
GEHAD,30
HANWAG,29
EERSTE,28
STEUN,28
KREEG,28
GRIP,27
GELOPEN,27
LATEN,27
UK,27
WORDEN,27
NIEUW,27
HELAAS,27
PASSEN,26
GESCHIKT,26
3,25
WANDELINGEN,25
NORMAAL,25
MERK,25
HOLCOMBE,25
LANGE,25
SVENDBORG,25
EVEN,25
VROUWEN,25
VERWACHTING,24
TORINO,24
AANRADER,24
BINNEN,24
COMFORTABELE,24
LICHTGEWICHT,24
VALLEN,24
LANG,23
NAT,23
ZOU,23
HEERLIJKE,23
1,22
GOEIE,22
4,22
HIER,22
HEEFT,22
EIGEN,21
DIRECT,21
GEWOON,21
DEGELIJKE,21
VOLDOET,21
MEN,21
TOP,21
KM,21
SAMARIS,21
WAARDOOR,21
425,20
KOMT,20
OVER,20
GELD,20
JACK,20
BOL,20
284946,20
ENIGE,20
STEEDS,20
ALTIJD,20
GENOEG,20
GROOT,20
GAAT,20
KUNNEN,20
NATTE,20
JAMMER,20
MATERIAAL,19
TEVREDEN,19
ZELF,19
PERFECTE,19
BEST,19
DAGEN,19
DRAGEN,19
NET,19
5,19
MINDER,19
36,19
LAST,19
PRO,18
MOEST,18
ECHTER,18
37,18
ENKEL,18
COLUMBIA,18
VERWACHT,18
47,18
PRETTIG,18
BERGEN,18
KLEINER,18
HIEL,18
LEVERING,18
BETER,18
PAST,18
HIKING,18
RUIM,18
ENKELS,18
ZONDER,18
DOEN,18
TREGO,17
DEZELFDE,17
WANT,17
KON,17
BASE,17
GEGOTEN,17
CAMP,17
REGEN,17
SCHOENMAAT,17
RETOUR,17
TEVA,16
SALOMON,16
WOLKY,16
8,16
BIJNA,16
OUTDOORSCHOENEN,16
LEUK,16
EERDER,16
ZWAAR,16
MAN,16
TOT,16
DAAROM,16
COMFORTSCHOENEN,16
NIEUWE,16
WATERDICHTE,16
LAARZEN,16
DAGELIJKS,16
BEETJE,15
WENNEN,15
MATEN,15
KRIJG,15
WOLFSKIN,15
STEUNZOLEN,15
PRECIES,15
MAKKELIJK,15
FAABORG,15
SOEPELE,15
NODIG,15
BESTELLEN,15
WANDEL,15
WATER,15
ONDERGROND,15
GRAS,15
ROLL,15
20,15
WEG,15
ANDERS,15
BROWN,15
GEMAKKELIJK,14
GELIJK,14
ME,14
ZACHTE,14
HELEMAAL,14
MAAT:,14
LIET,14
BLUE,14
KAPOT,14
NIJMEGEN,14
TERREIN,14
SOEPEL,14
NOOIT,14
TERUG,14
DEGELIJK,14
KOPEN,14
TWEE,14
HITEC,14
AANRADER!,14
TENEN,14
VLITE,14
SENTO,14
SPHIKE,14
MAKEN,14
EXTRA,14
STAAT,14
GEWICHT,13
PIJN,13
WATERPROOF,13
GREY,13
GEEFT,13
BEGIN,13
VOLDOENDE,13
ZITTENDE,13
M,13
UITSTEKENDE,13
BLAREN,13
DAAR,13
ZOALS,13
SCHOENMAKER,13
ZATEN,13
INGELOPEN,13
MOETEN,13
AANKOOP,13
LOMER,13
BRAUN,12
/,12
TEXAPORE,12
GING,12
MODEL,12
KRIJGEN,12
PROBLEMEN,12
SOFTSHELL,12
BERGSCHOENEN,12
ANTRACIET,12
GROTE,12
KINDEREN,12
ONDER,12
LAAT,12
CATEGORIE,12
ZODAT,12
VANAF,12
STIKSELS,12
3D,12
XA,12
MENSEN,12
V8,12
GEVONDEN,12
SIENA,12
VERSLETEN,12
ONDERSTEUNING,12
VAAK,12
NERGENS,12
WE,12
BEIDE,12
ONDANKS,12
A,12
MAAND,12
SPORT,11
ZIEN,11
HALF,11
VOLGENS,11
EENS,11
10,11
ONTVANGEN,11
WEEK,11
GENOMEN,11
STIKSEL,11
REGELMATIG,11
PU,11
KOOP,11
VIA,11
NEMEN,11
ZIET,11
PEAK,11
UUR,11
MAATJE,11
ÉÉN,11
METEEN,11
PIJNLIJKE,11
6,11
MAG,11
SLECHT,11
VOJO,11
VIBRAM,11
ZAT,11
WANDELSANDALEN,11
GRAAG,11
VOORAL,11
COMFORT,11
SLIPPER,11
GEDAAN,11
MOUNTAIN,11
VERKOPER,11
REEDS,11
VERWACHTEN,11
VERDER,11
ELKE,11
EURO,10
284896,10
PHILADELPHIA,10
OAK,10
DONKERBRUIN,10
GEKOZEN,10
TOE,10
ONDERHOUD,10
VOORVOET,10
CANYON,10
IEP,10
PROFIEL,10
GEMIDDELD,10
AANGENAAM,10
WANDELT,10
!,10
ALSOF,10
KORTOM,10
UITSTEKEND,10
CARACAS,10
ZELFS,10
BOLCOM,10
GROEN,10
SERVICE,10
VRIJ,10
NUBUCK,10
VAST,10
DEMPING,10
WREEF,10
VOERING,10
INLOPEN,10
HEBT,10
HANDIG,10
GEWEEST,10
KEER,10
SCHUIM,10
HUIS,10
ZACHT,10
SNELLE,9
GEVAL,9
BESTELLING,9
DUUR,9
PORTLAND,9
PAS,9
DRAAG,9
BLIJKEN,9
SPORTSCHOENEN,9
WORDT,9
VOLWASSENEN,9
KLEUR:,9
FIT,9
WERD,9
OUDE,9
HOORT,9
BESTEL,9
GEWELDIGE,9
LEKKERE,9
WARM,9
ENVOY,9
VETER,9
SKECHAIR,9
15,9
SERVICE!,9
LEUKE,9
SITE,9
GEPAST,9
ONGEVEER,9
DUNKELBRAUN,9
GELUKKIG,9
SNEAKERS,9
VELE,9
STAAN,9
TRAVEL,9
KLACHT,9
OHIO,9
WEINIG,9
III,9
MTX,9
VOELEN,9
ECHTE,9
RUIMTE,9
GRITSTONE,9
PROBLEEM,9
MERKEN,9
GEWANDELD,9
HOND,9
DURE,9
OUTDOOR,9
LEVERANCIER,9
31,9
ERVIK,9
LOWA,9
HALFHOGE,9
ELKAAR,9
DONKERBLAUW,9
SMALLE,9
DIKKE,9
1/3,8
ZOVEEL,8
TIBEN,8
FIJNER,8
FANTASTISCH,8
WIL,8
HETZELFDE,8
BOVEN,8
PRACHTIGE,8
PLUSPUNTEN:,8
SOKKEN,8
STUK,8
ANDEN,8
STEVIGER,8
CATERPILLAR,8
ABSOLUUT,8
TEGEN,8
BUITEN,8
EIGENLIJK,8
TIJDENS,8
ZEGGEN,8
LL,8
MIDDELHOGE,8
NORMALE,8
WEKEN,8
25,8
MOEILIJK,8
DONKER,8
RIDGEVIEW,8
ZIJKANT,8
TWEEDE,8
ZOMER,8
GELEVERD,8
MARINE,8
UITNEEMBARE,8
AFSTANDEN,8
ACHTERAF,8
GEBRUIKT,8
HALVE,8
SHERPA,8
OMSTANDIGHEDEN,8
WP,8
DAARNA,8
TRAILSTORM,8
SPIDER,8
THE,8
GEWELDIG,8
RETOURNEREN,8
SLIDE,8
W,8
STOER,8
ZEGT,8
BREDERE,8
VOETZOOL,7
KUNT,7
INDERDAAD,7
UITEINDELIJK,7
EU,7
GOEDKOPER,7
WATERAFSTOTEND,7
ZOWEL,7
VOND,7
WIST,7
WILLEN,7
TRAVELIN,7
VETERSCHOENEN,7
GEHEEL,7
VANWEGE,7
HIERVOOR,7
BESTE,7
A/B,7
PLAN,7
LIGHT,7
SMALLER,7
STERK,7
INTENSIEF,7
HOOG,7
HIELEN,7
TOEN,7
TATRA,7
MAXIMAAL,7
OK,7
ENKELE,7
DAARVOOR,7
STOND,7
WERK,7
TERUGGESTUURD,7
TOEXPLORE,7
UNI,7
BREED,7
ARTIKEL,7
VOLGENDE,7
STERREN,7
&,7
1/2,7
ACCENTOR,7
WAARD,7
DOCHTER,7
ZAL,7
DESIGN,7
DENIM,7
ALLEBEI,7
HEERLIJK!,7
LEREN,7
PARTNER,7
EXACT,7
SCHOENEN!,7
GESTUURD,7
2/3,7
WANDELSCHOENEN!,6
TRAIL,6
PANAMA,6
BANKS,6
VENTILATOR,6
NEBRASKA,6
2719,6
GELEDEN,6
NETJES,6
BLACKSTONE,6
SOMS,6
ZWAARDERE,6
NIKS,6
UREN,6
KOMEN,6
VINDEN,6
BLIJVEN,6
BEIGE,6
VORIGE,6
REPAREREN,6
STUG,6
SPORTIEVE,6
LAATSTE,6
LEVENSDUUR,6
ANDER,6
KOCHT,6
LEEST,6
LANGERE,6
EPPAN,6
POLYESTER,6
BOS,6
EVEREST,6
MEERDERE,6
NORTH,6
FACE,6
DUS!,6
VERING,6
BOVENDIEN,6
VERWERKT,6
ZWEET,6
BINNENKANT,6
DRAAGT,6
LAAG,6
ROOD,6
CASUAL,6
GROEN/ROZE,6
GLAD,6
SCHEUREN,6
DRIE,6
90,6
LAARS,6
OVERAL,6
ZICH,6
100,6
KLEUREN,6
BLAAR,6
KAPPA,6
GEKREGEN,6
IRRITANT,6
GELUID,6
GESPROKEN,6
KLITTENBAND,6
OVEREEN,6
REDEN,6
ZOUDEN,6
HEEN,6
9,6
SCOUT,6
TREKKEN,6
HOGER,6
AANTAL,6
DONKERGRIJS,6
ANTISLIP,6
UITVALLEN,6
MODDER,6
ADEMT,6
VERLOOP,6
KIJKEN,6
PRIMA!,6
LUGANO,6
ONLINE,6
INSTAPPERS,6
GA,6
STUREN,6
TAMPA,6
KOOPT,6
LET,6
WEGEN,6
GEMAAKT,6
TIJDSSCHOENENWANDELSCHOENEN,6
WANDELSCHOENENVRIJE,6
395,6
ALLEMAAL,6
5169,6
STOF,6
STRAK,6
UTAH,6
OMSCHRIJVING,6
WATERDICHT!,5
GEVOEL,5
ZANDKLEUR,5
33,5
FLINK,5
BERGSCHOEN,5
ZELFDE,5
DRINGEN,5
WANDELSOKKEN,5
WELDAAD,5
ALLE,5
ONEFFEN,5
EVENALS,5
S5,5
TIJD,5
BEZORGD,5
ABORG,5
INLOOPTIJD,5
HILLCREST,5
KAKI,5
NIETS,5
STUGHEID,5
VINDT,5
INMIDDELS,5
WOORD,5
OPTIE,5
ZWART!,5
ONREGELMATIGHEDEN,5
BOVENKANT,5
MINPUNT,5
MEESTAL,5
VERKRUIMELDE,5
KLOPT,5
VOLLEDIG,5
388949,5
DIKTE,5
LIEPEN,5
VLAK,5
BOOTS,5
BERGACHTIG,5
SLECHTE,5
X2,5
GEVEN,5
STUGGERE,5
LITE,5
STA,5
WINKEL,5
OPGELOST,5
AFROLEIGENSCHAPPEN,5
OVEREENSTEMMING,5
VOORAF,5
VOELT,5
TARGHEE,5
ERVARINGEN,5
NAMELIJK,5
DROGE,5
ERUIT,5
ONS,5
T,5
LEKKERST,5
HOUDEN,5
BINNENZOOL,5
VOORGANGER,5
STAPPERS,5
SPECIAAL,5
ZULKE,5
URBAN,5
AANGEDAAN,5
3E,5
AANGEGEVEN,5
SMAL,5
CRAGHOPPERS,5
PAMPA,5
SPECIALE,5
KRAP,5
ZOEK,5
QUA,5
NADEN,5
ZERE,5
FASTPACK,5
POSITIEVE,5
TERRADORA,5
WESTFALIA,5
AFWERKING,5
KNOOP,5
AFGEWERKT,5
EINDELIJK,5
MAIL,5
TYPE,5
GINGEN,5
HADDEN,5
LANGER,5
MINPUNTJE,5
GEWEO,5
MESH,5
UITNEEMBAAR,5
PER,5
OVERLEVEN,5
KWAM,5
GEBODEN,5
IVM,5
ESCAPE,5
ASHWICK,5
GETEST,5
TEEN,5
HOEFDE,5
KEUS,5
ABSOLUTE,5
AFGELOPEN,5
KLEINE,5
TREKKINGLAARZEN,4
VER,4
BRIGHT,4
PRIJZIG,4
KOU,4
30,4
WSNDELGENOT,4
2420754141,4
MEE!,4
ADVENTURE,4
BLAUW/GRIJS,4
MAATVOERING,4
JOURNEY,4
10UK,4
ZIJNDE,4
TIMBERLAND,4
SLUIT,4
WERKEN,4
BOSSEN,4
PRACHTIG,4
REEBOK,4
POSITIEF:,4
MODIEUZE,4
UITGETEST,4
ARROYOII,4
ECCO,4
522246,4
LIEVER,4
ARTIKEL:,4
ADVISEREN,4
UITERLIJK!,4
LASTIG,4
STRETCH,4
:,4
CENTJE,4
BRUIN/DONKER,4
REDMOND,4
BEZORGING,4
CLEARWATER,4
PIJNLIJK,4
GRIJSZWART,4
WAVE,4
AANGESCHAFT,4
BLIJKT,4
I,4
ANTHRACITE,4
IEDERE,4
VOEL,4
EENVOUDIG,4
OOIT,4
FEIT,4
KILOMETERS,4
PANTOFFELS,4
PLASSEN,4
YJ2220,4
RESPOND,4
DUURZAAM,4
HEEFT!OOK,4
BINNENWERK,4
MEINDL'S,4
MOCASSINS,4
ERVARING,4
VETERSYSTEEM,4
BEVER,4
FIJNSTE,4
PRODUCT,4
ARROYO,4
KILOMETER,4
DROOG,4
SLATE,4
GREEN,4
DOET,4
BARI,4
GEKOZENHELAAS,4
EROP,4
NEWPORT,4
GEBIEDIN,4
DARK,4
NEW,4
554239,4
VERGOEDING,4
REGENLAARZEN,4
SOORT,4
MT,4
MAAKT,4
SLAP,4
SPEL,4
VERVANGING,4
REDELIJK,4
WIND,4
ALLES,4
RUW,4
PRETTIGE,4
INLEGZOOLTJE,4
KWAMEN,4
REPARATIEKOSTEN,4
GEZOCHT,4
DIK,4
TEENRUIMTE,4
ORANJE,4
MINUTEN,4
344701,4
HOEVEN,4
TUSSEN,4
BONNETJE,4
LATER,4
GOEDIK,4
EFFECTIEF,4
INLEGGEN,4
VERGOED,4
HUN,4
ARCH,4
OUD,4
WNDELSCHOENEN,4
GELUKKIGE,4
CATA,4
ASPHALT,4
WEKEN!,4
EERST,4
VOORRADIG,4
ALLEN,4
BETAALBARE,4
PRIMA;,4
ANWB,4
SLIJTAGE,4
REPARATIE,4
RIDE,4
J06039,4
VERADEMING,4
ZOON,4
VOLDOEN,4
VROEG,4
JULLIE,4
VIERDE,4
TELKENS,4
8637,4
!DANK,4
OREGON,4
GROEN/ORANJE,4
TOPSERVICE,4
BLAUW/GRIJS/ZWART,4
KOOS,4
HARD,4
ANTWOORD,4
ADVIES,4
PRIJSKWALITEIT,4
DOE,4
HARDE,4
GEMELD,4
AANBOD,4
HAAKJE,4
NAUWELIJKS,4
VROUW,4
999,4
105,4
HERENMODEL,4
TENSON,4
INTUSSEN,4
HIERDOOR,4
SLUITEN,4
LIEP,4
DEEL,4
WARME,4
MERRELL'S,4
KAMP,4
HOI,4
VOETBED,4
64,4
KANT,4
PLEKKEN,4
GEDRAGEN,4
LUKTE,3
FST,3
PLAATSEN,3
BLIJVEND,3
HOEF,3
KLEURZACHT,3
STOERE,3
OLIVE,3
ONGESCHIKT,3
GEBRUIKEN,3
INSTEKEN,3
LUXE,3
SANDALEN,3
387849,3
LIJKT,3
SPORTIEF,3
EDGEPOINT,3
GEMAKKELIJKE,3
ERNSTIGE,3
RUGGENGRAAT,3
MEESTE,3
GEEL,3
GROTER!,3
LINZ,3
528949,3
DACHT,3
2E,3
COSY,3
WERKELIJK,3
MOGEN,3
WOMEN,3
NAAD,3
VEILIGHEIDSSCHOENEN,3
DERDE,3
CAMPAGNOLO,3
STALENNEUS,3
VERPAKT,3
RUBBER,3
WATERICHT,3
ASSENS,3
ZO'N,3
STAPPEN,3
ZETTEN,3
CIRCADIA,3
KEENS,3
WATERDICHTZEER,3
WANDELSCHOENMOEILIJKE,3
SANDAAL,3
REVIEW,3
JA,3
WORD,3
PLUSPUNT,3
ZEGGEN:,3
GH01,3
VERSTEVIGING,3
RP,3
GESCHEURD,3
OOK!,3
ERDE,3
NAVY,3
KAN!,3
HARPER,3
TEREIN,3
GEZONDEN,3
HOPELIJK,3
WIDE,3
DUBBELE,3
TRACKER,3
COPY,3
BREEDTE,3
SOPPEN,3
TITANIUM,3
MINUUT,3
DUURT,3
DOCHTERVALLEN,3
GROEIEN,3
RAPIDE,3
GRIJS;,3
ELASTIEKLUSJE,3
ZWART;,3
GEMAK,3
BLAUW;,3
FAVORIET,3
CADEAU,3
STUKKEN,3
PUMPS,3
AANTREKKEN,3
BEVALT,3
JÁREN,3
WERDEN,3
MOOI!,3
VOETENNA,3
AFGEBROKEN,3
FELLE,3
AANGESPANNEN,3
OGEN,3
7,3
HOOP,3
VERZENDING,3
FOTO,3
GERAADPLEEGD,3
DENK,3
WOLKJES,3
AQUA,3
SCHOON,3
BETERE,3
VERWACHTINGEN,3
ENORM,3
ADVISEERDE,3
ARIZONA,3
VERHARDE,3
STOORT,3
TERWIJL,3
VETEREN,3
OOGT,3
HIKER,3
KIES,3
BAL,3
HOOGTE,3
DWARS,3
RIJTJE!,3
DAAGSE,3
ZON,3
ZALIGE,3
UITGEDAAN!HEERLIJKE,3
VERTOEVENZEKER,3
BIO,3
DRAMA,3
GRIJS/,3
DRUKPLEKKEN,3
LEGT,3
MAGNET/OCEAN,3
PODOLOOG,3
STANDAARD,3
12,3
NATURALE,3
517531,3
TIROL,3
DAARDOOR,3
UITGEDRUKT,3
HEBTKAN,3
ZERMATT,3
MATREI,3
BAREFOOT,3
MTXTERRA,3
FG,3
VOORKANT,3
BETEKENT,3
BIEDEN,3
40000A09,3
AANGENAME,3
MISSCHIEN,3
TOPPIE!,3
TERREX,3
KLEINMAAT,3
SCHOENLEPEL,3
LOMP,3
DUNLOP,3
AFGEHANDELDSNELLE,3
GECOMMUNICEERD,3
PAKKET,3
AFGESPROKEN,3
ORIGINAL,3
VERSTUURD,3
BEKEND,3
ADIDAS,3
VOREN,3
43029,3
SCHOEN!,3
V,3
KINDER,3
135,3
RONDE,3
TREK,3
SPIJT,3
VIER,3
RECENSIES,3
LEDEREN,3
BOVENWERK,3
VRIJE,3
ROTSACHTIGE,3
KLONK,3
BEVELEN,3
VRESELIJK,3
PIEPEN,3
WARENNU,3
VOORDAT,3
J06060,3
SCHOENENWANDELSCHOENEN,3
WOLLIGE,3
OVER!,3
WANNEER,3
DEDEN,3
OPGESTUURD,3
PLUTOSPORTNL,3
OPGENOMEN,3
KWALITEITSVERHOUDING,3
SUPERFIJNE,3
HANDIGE,3
VETERVASTZETTER,3
HAAST,3
OPNIEUW,3
PRIJS/KWALITEIT,3
SNEEUW,3
STRIKKEN,3
SNOWBOOTS,3
LEDER,3
LITEWAVE,3
RIVIER,3
HELPT,3
X,3
VARIANT,3
WINTERVOETEN,3
CONTACT,3
SOK,3
WANDELEND,3
DRAGER,3
AFWIKKELEN,3
REVIEWS,3
GRAPHITE,3
BUNGEE,3
CORD/BLACK,3
SCAPINO,3
KNAKKEND,3
VOCHTIG,3
JUIST,3
AANZIENLIJK,3
ZES,3
TERUGGEKOCHT,3
JARENLANG,3
UITERLIJK,3
NOOD,3
RECHTER,3
VERNIEUWEN,3
DIEGENE,3
DECATHLON,3
ERIN,3
MORVIK,3
STIJLVOL,3
PADEN,3
ROBUUST,3
VOORSTE,3
GESTEUND,3
OPZOEKWERK,3
BOSWANDELING,3
LICHTGRIJS,3
HEVIGE,3
WARMERE,3
LOSKOMEN,3
VERSIE,3
AANSLUITEND,3
+/,3
GEMOGEN,3
KRITISCHE,3
JOGGINGBROEK,3
VOETEN;,3
INGEWIKKELD,3
IKZELF,3
UITLAATSCHOENEN,3
HOE,3
KENDE,3
VOLGEND,3
AF,3
SPIJKERBROEK,3
TIJDJE,3
WANDELBOTTINEN,3
LINKS,3
OHH,3
SEXY,3
TOTAAL,3
BUURT,3
ONTVANGST,3
GLADDE,3
PEAKFREAK,3
TI,3
NETTE,3
ONVERHARDE,3
HEM,3
MFS,3
LANGS,3
BORNEO,3
SPIJT!!,3
LINKERSCHOEN,3
RECHTS,3
ZOMPIGE,3
WEGENS,3
GEMAILD,3
HALLUXTENEN,3
ENE,3
KLETSNATTE,3
ZOOLTJES,3
BELOOFT,3
FABRIKANT,3
REALITEIT,3
SCHERPE,3
PRIJSKWALITEITVERHOUDING,3
AFSTAND,3
AFGEPRIJSD,3
TRENDY,3
STAPSCHOEN,3
BLUBBER,3
GEBLEKEN,3
DIEPE,2
PUNC,2
DAGECHT,2
GEGAAN,2
STOEPEN,2
HIERVAN,2
VOETENTOEN,2
REGENT,2
WANDELENIK,2
SCHOENVALTWEL,2
GEKREGENOM,2
SUPERSCHOENTJES,2
CONFIANZA,2
BUITENGEBIED,2
PUPPY,2
TEVREDENJOHN,2
RED,2
DORP,2
EXTREME,2
COMPLIMENTEN,2
OPPASSEN,2
CHIC/ZWART/LIME,2
NIJS,2
BERGWANDELSCHOENEN,2
ZEN,2
VOETEN!,2
SCARPA,2
SUPERENIGE,2
KLEINMET,2
REKENING,2
385,2
LEKEN,2
CONTREFORT,2
GESCHOVEN,2
ACHTEREN,2
HEDGEHOG,2
DUN,2
4284305,2
WATERDICHTHEID,2
HORIZON,2
DUSTY,2
LUCHTEN,2
VETERSCHOEN/WANDELSCHOEN,2
POSTBODE,2
MN,2
NOGAL,2
KLEINERHEB,2
VOETZELFS,2
POSITIEF,2
42843,2
17KM,2
GRIJS/BLAUW,2
OPMERKING:,2
NIETAFFIJNDEZE,2
GELERT,2
SUPER!,2
445,2
13KM,2
LOCALE,2
ZAAK,2
HARDLOOP,2
DICHT,2
ZAKEN,2
REACTIE!!,2
GEKEKEN,2
TERZIJDE,2
STEEN,2
PLUS,2
BETALEN,2
VIJF,2
BLIJFT,2
52,2
SCHOENENZAAK,2
DUITSLAND,2
CORONA,2
BEREIKBAAR,2
RANGER,2
PENNEN,2
BELUGA,2
CAT,2
WOUT,2
BERGERS,2
AFSPRAKEN,2
NAKOMT,2
"""MOETEN",2
"INLOPEN""",2
75EU,2
VOORDELIGER,2
204642,2
DAGGETT,2
STALEN,2
PLEGE,2
COMFORTHULPMIDDELEN,2
SCHOENSPIKE,2
RELMENT,2
L,2
4044,2
IJZEL,2
SNEEUW/OPVRIEZEN,2
WEGGEDEELTES,2
PASVORMJE,2
BALANCE,2
H754,2
UITBESTEL,2
RAAD,2
GEVOLGD,2
J73705,2
EERDERE,2
MODELLEN,2
TIJDSSCHOENEN,2
TERREINLET,2
FEITE,2
IDD,2
WERKELIJKE,2
H754KR,2
GRAPJE!,2
POLEN,2
GEREISD,2
SALO,2
WIT,2
MAART,2
B,2
KLEDING,2
BRUIN/ZWART,2
WETEN,2
VRIEND,2
AANBEVOLEN,2
AANGEZIEN,2
ORDE,2
BLAUWE,2
GERENOMMEERD,2
ACHTERAAN,2
PLAATS,2
NEDERLAND,2
OPEN,2
VERHOUDING,2
GWELDIGE,2
415,2
TRACK,2
KWALITIJD,2
MEEEN,2
GEKREGEN!,2
BEDACHT!!,2
TEVREDE!!,2
THANKS,2
DAWSON,2
MILLARD,2
POETSEN,2
DEED,2
KUST,2
GREY/CILIEGIA,2
WERKSCHOENEN!,2
49,2
VANDAAG,2
VERSCHILLENDE,2
GEPROBEERD,2
WELISWAAR,2
SECOND,2
CHOICE,2
MAGNUM,2
STORM,2
M801593,2
BENSCORE,2
OUTDRY,2
ONLANGS,2
OBSIDIAN,2
UITDOEN,2
BEDANKT!,2
BLIJKBAAR,2
INSTRUCT,2
P722309,2
LIFESTYLE,2
CONFORM,2
BLACK/ROCK,2
INLEGZOOL,2
SPRAY,2
JUNI,2
41709,2
DISCOVER,2
FLEXIBEL,2
1500,2
BISON,2
K1001870,2
SPORTSCHOEN,2
DONKERGROEN,2
SLECHTSTE,2
NOW,2
TIME,2
GEZIN,2
LEK,2
SPONTAAN,2
CREER,2
GISTERMIDDAG,2
STAPTE,2
LINKER,2
AVOND,2
GEHOUDEN,2
VANOCHTEND,2
WANDELPADEN,2
UITGEPROBEERD,2
PIJN!,2
ZWART/BLAUW,2
TOF,2
KOPEN!,2
PERFECT!,2
MUDPLAY,2
JUNIOR,2
GEHOORD,2
DONKERDER,2
GEZELLIG,2
RISICO,2
LOSGELATEN,2
ZIJ,2
BRILJANT,2
383849,2
PRISMA,2
11,2
GEBERGTE,2
GEVOERD,2
C462933,2
PUROFORT,2
ISOLATIE,2
NEUS,2
BESCHIKBAAR,2
STUKNA,2
TERLEURGESTELD,2
VASTGELIJMD,2
WIJDE,2
MANIEREN,2
DAR,2
PERSOONLIJK,2
MANIER,2
GEGOTEN!,2
KONDEN,2
VINDEN!,2
VOORSTELLEN,2
SJ,2
GOED！！,2
TEVREDEN!,2
MEE!!!,2
GEWAARSCHUWD,2
BRUINDE,2
500,2
VOORSPELLING,2
LOPENALLEEN,2
LEVERTIJD,2
DUURDEN,2
LANGBIJNA,2
BESTELEN,2
U,2
MAATIK,2
BESTEELT,2
CONSUMENTENGIDS,2
WEES,2
ASPEN,2
'SCHOENEN',2
TOEGESTUURD,2
DOORGESCHEURD,2
450,2
BESTELDE,2
LINOSA,2
IDENTITY,2
13,2
KLOMPEN,2
SCHIETEN,2
VOORUIT,2
ONBELANGRIJK,2
GELACHENEN,2
STEUNGEEN,2
ONVERSLIJTBAAR,2
GLIJDT,2
CNX,2
TRIPLE,2
K1026311,2
BURLY,2
YELLOW,2
XT,2
VERSLIJT,2
SNEL!,2
NADAT,2
LEKKERDER,2
C66208700,2
SCHOEN!!,2
DUBBEL,2
BEZIT,2
VOUWEN,2
VERDRAAIEN,2
TORSIE,2
LENGTERICHTING,2
AFIJN,2
405,2
SAWCUT,2
70,2
REBELLION,2
GERLOS,2
12529101,2
0,2
VERTROUWDE,2
BEOORDELEN;,2
!FIJN,2
GLIJ,2
EERDE,2
NIJMEEGSE,2
PLUSPUNTEN,2
110,2
KLACHTEN,2
SLECHTS,2
TOFFE,2
TOEKOMST,2
BERNINA,2
BRAUN/NOUGAT,2
FAN,2
SCHEUR,2
MAAL,2
KLASSE!DUURZAAMHEID,2
VORIG,2
STATION,2
BOSPADEN,2
RIGEL,2
VOETPROBLEMEN,2
ALLERLEI,2
UITGEBREID,2
BEZOCHT,2
EÉN,2
OPENBARING,2
STUURT,2
VETERS;,2
75,2
VOETBEDGOEIE,2
MODERN,2
'WATERAFSTOTEND',2
VEILIGHEIDSZOOL,2
LUCHTKUSSEN,2
PRIMADE,2
LDY,2
MD,2
BIJZONDER,2
BESCHERMT,2
REFUGIO,2
LACHERTJE,2
GENE,2
BEDACHT,2
IDEE,2
KNOBBEL,2
SCHEURT,2
WIJS,2
HAMER,2
KRANT,2
MAALS,2
BLOEDERIGE,2
WOORDJE,2
NADEEL,2
VERPLEEGHUIS,2
KRAPPE,2
WEGGOOIEN,2
BEKLEDEN,2
FEDRO,2
CONTRACT,2
MONUMENT/SODALITE,2
LIJKEN,2
AFSTOTEND,2
DAGELIJKSE,2
BEZIGHEDEN,2
INTERNET,2
ZIJN!,2
COPA,2
SHOES,2
SNELLER,2
AFGELEGD,2
WANDELPLEZIER,2
OMSCHREVEN,2
DAUWTRAPPEN,2
DAUW,2
KEREN,2
LOPEN!,2
MAILEN,2
VOORGESTELD,2
SPUITBUS,2
GEDRONGEN,2
VERWERKING,2
929/928,2
OIL,2
WIE,2
LUCHT,2
43021,2
DAGELIJJKS,2
DEMPING!,2
VOORZIEN,2
50082A20,2
BULTEN,2
NORMALITER,2
DROGEN,2
DOORDAT,2
OVERSTEKEN,2
AFWIKKELING,2
HIELDEMPING,2
JACARA,2
KNIEPIJN,2
OVERLEEFD,2
AANVANKELIJK,2
WARMTE,2
NEEM,2
NIEUWS,2
UITLATEN,2
SCHEURDEN,2
COMFORTABELSTEUNZOLEN,2
OVERGESTOKEN,2
TER,2
LANGZAAM,2
COGNAC,2
MIN,2
ACHTERKANT,2
WAARSCHIJNLIJK,2
LIGGEN,2
LOSGEKOMEN,2
SCHOENENLEKKER,2
BEWEZEN,2
HIGHLANDS,2
SCHOTSE,2
GEHIKED,2
60,2
BESTAAT,2
GRAZ,2
VERDWIJNEN,2
KORTOM:,2
NOU,2
GEBEURD,2
SCHUREN,2
GARANTIE,2
RIVIEREN,2
BEKLOMMEN,2
MIDDENAMERIKA,2
KORTER,2
!!!,2
NUBUCKMAAT,2
PUNTEN,2
ENGELSE,2
BEDANKT,2
HAK,2
SLIPPERS,2
VIND:,2
JAMMER!,2
PUNCTUEEL,2
CORRECT,2
INTERESSANT,2
BEANTWOORDEN,2
BLACK/AQUIFER,2
PANTOFFELTJES,2
TONG,2
GEDOE,2
INLEGZOLEN,2
VAKKUNDIG,2
GEMAAKTE,2
40/405,2
ZUID,2
WÉÉR,2
CONCLUSIE:,2
AUSTRALIË,2
INZIJN,2
AANKOOPBEDRAG,2
NOORWEGEN,2
ZOOLTJE,2
VERMOEDELIJK,2
LEGGEN,2
DRUKT,2
ONTZETTEND,2
“,2
“VETEROGEN,2
VD,2
PRODUCTIEFOUT,2
THUIS,2
SIZE,2
LAWAAI,2
SCHAFFEN,2
OOIT!,2
NUBESTE,2
DOORSLAG,2
VERANDEREN,2
AUB,2
KWETSEN,2
TOP!!!,2
NAVY/BLUE,2
GLOW,2
KWARTIERTJE,2
K1022965,2
PRIMUS,2
TIP,2
VASTE,2
WANDELLEN,2
BAMA,2
IEDER,2
GAF,2
VERWIJDERD,2
EIND,2
LAS,2
NAVY/GRIJS,2
UITREKKEN,2
VOORIN,2
SCHOENENZE,2
COMMUNICATIE,2
BOTTINEN,2
DAGTOCHTEN,2
GEWONE,2
48,2
VERVANG,2
AANSLUITEN,2
ALSNOG,2
VRAAG,2
GELDT,2
GEZIEN,2
K1017783,2
ZEGDEN,2
'INLOPEN',2
KOUSEN,2
VERLUCHT,2
ERVAN,2
OLIJF,2
GROENBRUINZWART,2
MINPUNTJE:,2
BEGINNEN,2
KNELLEN,2
STEEL,2
MERKTE,2
VOUW,2
TARGHEEIII,2
BINNENSHUIS,2
2DE,2
OVERIGENS,2
BEGINT,2
GEDEELTE,2
BISON/MULCH,2
UITTREKKEN,2
STAPT,2
LICHTVOETIG,2
UITERST,2
AANGENAAMAANRADER!!,2
NEGENDE?,2
HUIDIGE,2
SANDAALSTAPSCHOEN,2
HYBRIDE,2
BLACK/BRONZE,2
WANDELSANDAAL,2
SETJE,2
K1002426,2
GARGOYLE/TAWNY,2
UNIEK,2
ACHTSTE,2
NAAST,2
VOL,2
WILDE,2
AANLEIDING,2
OUTLET,2
AANTREKT,2
SLIJT,2
SCHOENMAKERKAN,2
DROOGT,2
STABIEL,2
VEDER,2
ZEG:,2
PROBEREN,2
WANDELAARSVOET,2
BEWEGEN,2
SOORTEN,2
DROEG,2
AANGEEFT,2
4DAAGSE,2
KWALITEIT!,2
MARKT,2
IEMAND,2
ZONDE,2
GOEDWEL,2
WAARVAN,2
LEERIK,2
50,2
BESCHRIJVING,2
VOETEN!ER,2
SCHUIFJE,2
PADENEN,2
KLAP,2
MOELIJK,2
JUISTE,2
MEREL,2
LEGTPRACHTIG,2
WOL,2
BORSTEL,2
WANDELAARS,2
DELEN,2
BEGRIJPTNIET,2
APART,2
RUGGOEDE,2
TEXAPLORE,2
PLEZIER,2
PEAKFREAK?,2
OUTDRY?,2
TOPPIE,2
ERIE,2
ZAGEN,2
KEUZE,2
ZAG,2
KOUD,2
LEATHER,2
PHANTOM,2
ZO!,2
HEHE,2
PLATTE,2
VEROORZAKEN,2
455,2
BOVENSTE,2
BEDRIJF,2
SNEAKER,2
KORTE,1
ONVERMIJDELIJKE,1
POLYURETHAAN,1
KANT!,1
ONDERVIND,1
FATSOENLIJK,1
LENGTE,1
KLANTENSERVICE,1
SLORDIG!!,1
MATIG:,1
CRÈME,1
ZOOLWATERDICHTHEID,1
TENEN!,1
REGENBUI,1
BEHULPZAME,1
MODDERIGE,1
LIGGENKWALITEIT,1
ERGENS,1
VERKOOP,1
AUGUSTUS,1
LEKKENZOOL,1
UITGOED,1
GEEF,1
VOORKEUR,1
GEREGELD,1
JOGGEN,1
NEILL,1
FITNESS,1
SNEEUWLAARZEN,1
MALCOM,1
AANVOELDE,1
VOELDE,1
SOEPELER,1
REGENDAG,1
DEMPEND,1
WANDELLAARZEN,1
ENTHOUSIAST!,1
STENEN,1
2X,1
LEVERT,1
AFGEDANKTE,1
TELEURGESTELD,1
DUURDERE,1
ZWEETVOETEN!ALTIJD,1
ONDERKANT,1
HELFT,1
VOELBAAR,1
WATERAFSTOTENDE,1
BEHANDELD,1
BINNENZOL,1
DONKERBRUIN/DONKERGRIJS,1
VERKRIJGEN,1
BEVIEL,1
BENEN,1
WERK!,1
GEKLEURDE,1
PLEZIERIG,1
GEBRUIKELIJK,1
VERSTEVIGD,1
UITEINDE,1
OMSLUITING,1
SMOELT,1
TELEURSTELLEND,1
BIEDT,1
KLEUR!,1
ONMIDDELLIJK,1
ONGELIJK,1
ORTHOPEDISCHE,1
VERZAKTE,1
BELEVEN,1
NONONSENSE,1
VERVELENDE,1
INPAST,1
UITVERKOCHT,1
VIEL,1
VOETLENGTE,1
26,1
2019NU,1
TESTEN,1
SEPTEMBER,1
AZURE,1
HAKKEN,1
SNEL:,1
ISDE,1
300,1
ALDAAR,1
SELLMEN,1
HELSON,1
485,1
LOOPTWANDELSCHOENEN,1
MEEZIE,1
K1022427,1
SNELLER/GEMAKKELIJKER,1
OPENING,1
VEN,1
KNIEHOLTES,1
DOENDE,1
LEKKER:,1
50082A02,1
KOTA,1
SCHACHT,1
TEENBINNEN,1
O,1
GEOPEREERD,1
ARROYO'SSPIJTIG,1
NVGY,1
DEUR,1
DOORRIJDEN,1
ZIJNZE,1
NEGEREN,1
LETTERLIJK,1
NIEMAND,1
SCHRIJVEN,1
PAPIERTJE,1
SECONDEN,1
DPD,1
BRACKEN,1
TRACE,1
BESTELLENJAMMER,1
AANGERADEN,1
SINDS,1
SUEDE,1
2014,1
3500,1
ONEGA,1
BERGWANDELINGEN,1
DRAGENGELIJK,1
BEEKJES,1
BLEVEN,1
GEWONEN,1
HIEL/ACHILLESPEES,1
REUMA,1
SOFTSCIENCE,1
KAT,1
OPENDOET,1
DEPOT,1
VLOER,1
STEUNTEEN,1
ESTEP,1
HIKEN,1
~2,1
MEERMAALS,1
KLAGENHELAAS,1
RELIËF,1
BELANGRIJK,1
85,1
1STE,1
284446,1
LARSEN,1
STAPSCHOENEN,1
COLORADO/DAMES,1
VERLOF,1
STAANDE,1
WERKT,1
BRUINZIJN,1
SKECHERSLET,1
BESTELDIK,1
BEAGLES,1
TERUGBETALING,1
DIENST,1
PERSOON,1
SPOOR,1
KONIJN,1
ZORGMARKTBV,1
DAISY,1
PROBLEEMLOOS,1
VERKOPEN,1
ALLEMAAL!,1
PRODUCT!!,1
KLASSE,1
FUNTIONELE,1
GEDUURD,1
ALLERDAAGS,1
SUPERMARKT,1
SCHROBBEN,1
BEK,1
GEGLEDEN,1
GEVAARLIJK,1
GEBELD,1
COMBE,1
BLAUW/ZWART,1
BANGRI,1
FANTASTISCH!!,1
MAIPOS,1
FELE,1
HALLUX,1
VALGUS,1
BINNENVOERING,1
JEZELF,1
ADEN,1
VANDAAR,1
SKYHIKER,1
TREKKING,1
GZ0329,1
VERWIJDERBAAR,1
IEDEREEN,1
STILAAN,1
LINKERVOET,1
LEG,1
VERKRIJGBAAR,1
IIG,1
GELEGENHEDEN,1
70004B02,1
TREKKOORD,1
OUTDOORLAARZEN,1
SEIZOEN,1
RECHTERLAARS,1
G,1
WANDELENZOU,1
OPTEREN,1
MOGELIJK,1
HIERBIJ,1
VOORHAND,1
NEER,1
ELEVATION,1
"""MOTHER",1
ALL,1
"BOOTS""",1
GENOEMD,1
BERGOP,1
BERGAF,1
ROTSEN,1
WONDERBAARLIJKER,1
OPGELOPEN!,1
3X,1
VOETWERVELS,1
FIJN!VERVOLGENS,1
PIJNEN,1
JONGEN,1
LOWA’SDEZE,1
WREEFBEN,1
PERFEECT,1
WANDELSCHOENNORMALE,1
BRÜTTING,1
KANSAS,1
FUNCTIONEEL,1
PETROL,1
BARSTEN,1
WATERPRO,1
MAIPO,1
VETERRIEM,1
SLIJTEN,1
VERVANGEN,1
VERLIEST,1
ZITSCHOENEN,1
RUIME,1
PRIJSKWALITEITSVERHOUDING,1
MEET,1
VERKOPENDE,1
PARTIJ,1
EXTERN,1
BEPAKKING,1
MARATHON,1
GAVEN,1
WILDEN,1
MERK!,1
VIPOS,1
TEX,1
SMAL’,1
‘WANDELSCHOEN,1
GOOGELDE,1
ZOCHT,1
7;,1
PROBERENMAAR,1
GEGEVEN,1
TOELICHTING,1
OVERBODIG,1
FEITELIJK,1
MAKKELIJKE,1
INSTAPPERMOOIE,1
41/7,1
SOMPIGE,1
GRIPVAST,1
TEDDY,1
UITSTRALING!,1
LAARSJES,1
NOEMEN,1
32,1
HALEN,1
BEZORGING!,1
VERNIEUWING,1
AFSCHEID,1
ONDERHOUDEN,1
LEENT,1
GELOPEN!,1
ZIJN:,1
VRIJETIJDSSCHOEN,1
REGENSPATDICHT,1
WILT,1
AFGESLETEN,1
260902T1115,1
OPGELOST:,1
CMP,1
WINTERSCHOENEN,1
KWALITEITSMERK,1
GEVAVI,1
THUN,1
GOEDGOED,1
SELMENHELSON,1
VENT,1
GRIJS/MINTGROEN,1
'RESPOND,1
NAVY/MEDIUM,1
GRAY,1
K1001938,1
H2,1
K1001907,1
FIETSSCHOEN,1
AANBEVELEN,1
WANGEN,1
BESCHADIGEN,1
LEER/SUEDE,1
REPUTATIE,1
GEZEUR,1
GEBRUIKSTIPS!,1
VERPAKKING,1
AFLEVERINGSBEWIJS,1
DANKZIJ,1
TEGELIJKERTIJD,1
ZAK,1
ONDEROP,1
NIETDIERLIJK,1
PLASTIC,1
ONACCEPTABEL,1
KEENS!,1
UITERMATE,1
SARN,1
SNEEUWBOT,1
MAA,1
SLUITINGEN,1
ONDERSTEBOVEN,1
TÓP,1
AFLEVERING,1
ENDURANCE,1
WANDELTOCHTEN,1
OUTDOORSCHUH,1
LUCCA,1
2106,1
750KM,1
FANTASTISCHE,1
KLEINMETEEN,1
KRITISCH,1
MAANDAG,1
VRIJDAG'S,1
TERUGDUURT,1
RETOUREN,1
BETAALD,1
WORDENIS,1
SPORTZAKEN,1
GTX',1
VENICE,1
BEIGE/PAARS,1
HET!IK,1
NEUTRALE,1
BEHOORLIJK,1
GEVOLG,1
MEE!DE,1
AANGEHAD,1
PAARIK,1
ERGONOMISCHEVIBRAM,1
NATUURLIJK/GEWOON,1
VOETGEVOELDE,1
MIDZOOL,1
'PLUSH',1
GEVOELIK,1
GEMENGDE,1
METER/120,1
KILO,1
BENT,1
FEEDBACK,1
KRIJGTDE,1
SNELSOMMIGE,1
500KM,1
SOMMIGE,1
DA'S,1
VOORKEURMAAR,1
KUNSTSTOF,1
NATUURLIJKE,1
HIKINGSCHOEN,1
BOVENMATERIAAL,1
GEHAD!,1
HEUVELS,1
17,1
UITSTAPPEN!,1
FEATURES,1
WEGGOOIENHELEMAAL,1
WAARDELOOSRETOUR,1
UITVALT,1
TOPMERK!,1
VERMELD,1
BEPAKTDEZE,1
RECHTERSCHOEN,1
ONTDEKKING,1
ENIG,1
REKKERS,1
UW,1
DICHTSNOEREN,1
HAWKS,1
OVERGESTAPT,1
GRISPORTIN,1
345631,1
35,1
SECONDE,1
GEKOCHTMAAR,1
KNELT,1
RECHTERKANT,1
GOED!,1
VOORAAN,1
OVERGANG,1
UITWIJDEN,1
TREKT,1
GROTENDEELS,1
ALTIJDLINKS,1
HEERLIJKGEZIEN,1
SCHUIFT,1
PECH,1
RECHTERVOET,1
LINKS?,1
RIEKER,1
INSTAPPER,1
SALADO,1
DESERT,1
D,1
PRAKTIJK,1
BINNENGEKREGEN,1
GEBREK,1
VREEMDE,1
UITGEDAAN,1
VERTELLEN,1
GROOT/LOMP,1
65,1
R3,1
SWIFT,1
PRAKTISCH,1
HEERLIJKJAMMER,1
WOLLIGER,1
REGENLAARSJES,1
LAMSWOL,1
BEOORDELEN!,1
MONO,1
HI,1
ALTERNATIEF,1
HIKESCHOENEN,1
OPGEMERKT,1
PLUSPUNTJE;,1
WATERIGE,1
AFLEVEREN,1
VALIANT,1
SLAAT,1
ANALINA,1
AANVAARDBAAR,1
SCHOENENHET,1
GISTEREN,1
SNÉL,1
NAVY_ASPHALT,1
VERLUCHTINGZEER,1
SCHOEN?DUS,1
NARROW,1
STIJGIJZERS,1
ALPINISME,1
WAARDIG?VERKOPER,1
HUISWERK,1
DOEN!,1
VOETVORMGESCHIKT,1
STRAAT,1
VLAKKE,1
ROTSEN/STENEN,1
VEILIGHEID,1
BEDRAG,1
SIREN,1
ÉCHT,1
676440,1
CTX,1
BLANC,1
DINSDAG,1
MONT,1
ALBATROS,1
EERGISTEREN,1
SYRUP,1
PYRENEES,1
5239,1
GUFFERT,1
GOEDZITTENDE,1
WAARD!,1
ELK,1
VERSCHIL,1
VRIJDAG,1
GEKOCHTE,1
GEBIEDEN,1
WAARSCHUWEN,1
GELDWAAR,1
PRODUKT,1
KJELVIK,1
23,1
8494,1
BEVELENLOOPT,1
K1022423,1
29,1
GEWIJZIGD,1
6994,1
WEBSITE:,1
ONDERSTE,1
GEKNELD,1
NEEN,1
GEHELE,1
ROND,1
LOOPTNORMAAL,1
LOSJES,1
KLEMT,1
GEWOONIK,1
STRAKS,1
ZIJNVREEMD,1
FABRIKANTEN,1
SPRINT,1
BAND,1
%,1
BESPARENBROEKEN,1
ERGER,1
VREEMD,1
CADEAUBONNEN,1
SELMEN,1
KOPENWAT,1
BLARENHET,1
STERKIK,1
C44,1
BOTA,1
SKETHERS,1
VERZACHTING,1
MEINDLSUPERBLIJ,1
SCHEENBEEN,1
UNIVERSAL,1
KWARTIER,1
WAARIN,1
BETROUWBAAR,1
BOLCOL,1
BINNENBEKLEDING,1
GAT,1
ACHOENEN,1
GAUW,1
ZEIKNAT,1
ZEIKANTEN,1
LOSERG,1
DAMESVOET,1
CHARCOAL,1
SPECIFIEK,1
K1026880,1
TURF,1
MAGNET/CLOUD,1
FLEX,1
ROBUUSTER,1
MY,1
OUTDOORHARDLOOPSCHOENEN,1
TREKKINGSCHOENEN,1
HEERLIJKZIT,1
BROEKEN,1
SCHUURT,1
SUMMIT,1
KOUDE,1
"""VOLLEDIG",1
"WATERDICHT""",1
GESTELD,1
LIMOEN,1
WANDELSCHIENEN,1
ZORGT,1
1E,1
OPTIJD,1
KILOMETERGOEDE,1
FLEXIBELE,1
UITZETTEN,1
BEKLIMMINGEN,1
OVERSTAP,1
GYMPEN,1
BESLIST,1
'NORMAAL',1
LOSGAAN,1
COOMFORTABEL,1
WOLKEN,1
01053,1
IRVING,1
511534,1
IE,1
BEPAALD,1
DUURDER,1
TIJDSSCHOEN!,1
SLANGENPRINT,1
WANDELSCHOEN!,1
RADEN!HEB,1
ARTIKEL!,1
DEZE!,1
AANVOELT,1
BELOOFD,1
DAARNAAST,1
GEHOOPT,1
ÉN,1
HERITAGE,1
BOOT,1
WHEAT,1
BERICHTEN,1
VOORRAAD,1
ADEMEN,1
RVDOET,1
MINPUNT:,1
SCHEEF,1
CONFORTABEL,1
MASHOPSNEAKERS,1
VAKER,1
AF!,1
UNKNOWN,1
BEVALLEN,1
ZÉÉR,1
HEBTIK,1
TREKKER,1
GLIJDEN,1
BANG,1
TEGENGEKOMEN,1
REGEN/PLASSEN,1
BENIEUWD,1
WENT/OVER,1
435,1
VERDIKKING,1
KRAPPER,1
ZIJKANT/BUITENKANT,1
BOT,1
LEVERANCIE,1
VERVELENDER,1
RANDJE,1
SPANJE,1
€2500,1
AANPASSEN,1
!DE,1
HEFTIG,1
KLEURTJE,1
BALEN,1
MEZELF,1
ERBIJ,1
KNOP,1
KRIJGT,1
RASPBERRY,1
BOTB=,1
WOODBURN,1
OMLAAG,1
OMHOOG,1
BEWEZEN!,1
GÉÉN,1
BELOOFDE,1
STYLISH,1
KRUISJE,1
BEHANDELEN,1
100E,1
INFORMATIE,1
SCHENEN,1
OVERHIELD,1
DAGTOCHT,1
SKETCHERS,1
GESTALTE,1
BOVENRANDEN,1
EUROPESE,1
ONDERBEEN,1
WREVEN,1
RAKEN,1
STEVIG!,1
GROEN;ORANJE,1
CHAR,1
396631,1
CORRECTE,1
K1017786,1
WELKE,1
LOOPSCHOENEN,1
PASSEND,1
TOP!,1
STREKE,1
ONDERGRONDENTRAVELLIN,1
DAG!,1
STAPPER,1
ROBUUSTE,1
EXEMPLAAR,1
SCHOKDEMPING,1
WEGGEGOOID,1
GEBEURT,1
IRRITATIE,1
VEROORZAAKT,1
HIELSTEUN,1
ONGELOFELIJKE,1
PROFIELFIJNE,1
IPV,1
DUIDELIJK,1
STELLENMOOI,1
FRUSTREREND!,1
STRAKTE,1
AANMET,1
GEGOTENKUNNEN,1
GATLIN,1
STOOTJE,1
KLEINZOON,1
OPHEFFEN,1
BEZORGDE,1
SCHOEISEL,1
VETERBOOTS,1
LAUW,1
ZEEP,1
MAKENDAARNA,1
SCHOONMAKEN,1
ONDERZOOL,1
SPEED,1
25M,1
PERFECT:,1
PRODUCTEN,1
UITGENOMEN,1
BEROERD,1
TID,1
JR,1
LEKKE,1
30JAAR,1
NOUJA,1
BIKERSCHOES,1
ZICHZELF,1
MOTORSHOES,1
STIKWERK,1
BEHOORLIJKE,1
VERBAZINGWEKKEND,1
BRNSWICK/BLK,1
MEER!,1
RETOURPROCES,1
OMSLACHTIG,1
AANGEMELD,1
GROENTE,1
BESCHREVEN,1
WHITE,1
LEDGE,1
&#039;NORMAAL&#039;,1
WEILANDEN,1
MISKOOP,1
MACHU,1
KUSSENTJE,1
OMVAT,1
ONAANGENAAM,1
STEVIGHEID,1
INLOOP,1
COMMENTAAR,1
À,1
KM/DAG,1
EIFEL,1
PIJNTJE,1
WATERDICHTGEEN,1
2018,1
VRAGEN,1
INCATRAIL,1
PICCHU,1
GERETOURNEERD,1
PERU,1
VORMGEVING,1
WEKELIJKS,1
NODIG!,1
UITVERKOOP,1
SPOTPRIJS,1
ADVISEER,1
GEVOELIGE,1
BINNENMATERIAAL,1
STIKNAALDEN,1
ROOD;WIT;BLAUW,1
LANDSCHAP,1
554149,1
RUIG,1
ONVOORSTELBAAR,1
BUITJE,1
TEKST,1
BESPAREN,1
LOOPBAND,1
VORMEN,1
VROEGER,1
SFEER,1
WAT!,1
KOST,1
€50€60,1
ANDEREN,1
ZOMAAR,1
OPLET,1
PRIJSVERSCHILLEN,1
FLINKE,1
VORM!,1
BETREFT:,1
HELLING,1
ANGST,1
VOETEN:,1
HOU,1
AANSTAAND,1
KLEMMENDER,1
BEDOELING,1
TAL,1
AANGEPAST,1
HAAKJES,1
KNOPEN,1
STRAKKE,1
ESTHETISCH,1
ACCENT,1
M'N,1
VEEEEEL,1
HOBBIT,1
BEKEKEN,1
OMGEVING,1
COCONUT/NORTH,1
GROF,1
PLASTIEK,1
BOORD,1
VINGER,1
ODENSE,1
ZITZEKER,1
HEERLIJKIK,1
DAARNET,1
HOORDE,1
GEHADDE,1
BLOKKIE,1
STEUNZOLENDE,1
GLIJDENDEZE,1
ZÉKER,1
K1026764,1
RAND,1
MANNENKLEDING',1
'ECHTE,1
BEROEP,1
GEPERSTVOOR,1
HOUDT,1
NAVY/DONKERGRIJS,1
SWAT,1
FORCE,1
LEVEN,1
KWALITEITSWANDELSCHOEN,1
ZIEN;,1
GEPRODUCEERD,1
MILIEU,1
ASPECT,1
SPEELDE,1
ALTHANS,1
LEKKER!,1
ANTHRAZIT/AZUR,1
EXCELLENT,1
AANGEKOCHT,1
RAAR,1
FOAM,1
AFGAAN,1
WANDELSCHOENEN?,1
ACHJA,1
LOCKDOWN,1
MEMORY,1
WALKING,1
ZWARE,1
DURBAN,1
BEHOLPEN,1
PERFECTIE!!,1
ZO’N,1
/>,1
DOLPH,1
WANDELE´,1
WKP,1
MOMENTDAT,1
SÚPER,1
LE,1
VALTLEVERING,1
AMPER,1
STAP,1
PIEPT,1
GEPERSTDE,1
ZALIG,1
VOORHEEN,1
LOGISTIEK,1
WERKVLOER,1
ONVEILIG,1
VEILIG,1
NUBUCK<BR,1
IETSSSS,1
LOPERS!,1
EVOLUEREN,1
RECOMMEND,1
IT,1
MAILCONTACT,1
WAUW,1
GEHOUDENTOP,1
DRUK,1
BLEEK,1
KORT,1
ETC,1
AANSNOERT,1
OPENEN,1
SEMARIS,1
ONDERSTEUNENDE,1
WANDELERVARING,1
VERNIEUWDE,1
WAAGT,1
BESTAAN,1
AFSLIJTEN,1
DOORLATEN,1
HONDERDEN,1
KLAAR,1
BINNENZIJDE,1
AANPAST,1
BIED,1
BINNENZOLEN,1
UITHALEN,1
PERSOONLIJKE,1
OPVOLGER,1
VERSCHAFT,1
CHOC,1
ATLANTIC,1
TOASTED,1
LIJM,1
BROKKELEN,1
FATSOENLIJKE,1
GELD!,1
VUILNISBAK,1
VERVOLGENS,1
DEKSELS,1
SCHEUREN!,1
TREKKINGSCHOEN,1
GEWOONLIJK,1
HONDEN,1
DAAGS,1
TERECHT,1
WEET,1
BRANDSEXPERT,1
TRACK&TRACE,1
PUT,1
AX3,1
MANKEERT,1
NIETS!,1
HELAAS!,1
OKE,1
GREY/CLOUD,1
K1026763,1
SHITAKE/BRINDLE,1
K1026773,1
TOPMERK,1
WAANZINNIGE,1
E,1
KORTING,1
ANTI,1
SLIP,1
GRIJS/ROZE/ZWART,1
PUNT,1
10½,1
320PWOGOB,1
MERREL,1
HOEWEL,1
IJZERTJE,1
AUTORIJDEN,1
STROEF,1
STERKE,1
ENKELVERSTEVIGING,1
WANDELSCHOENWATERDICHT,1
CARIBE,1
ROBUSTE,1
TARMAC,1
MOCHT,1
BUIGEN,1
BOVENVLAK,1
KNIK,1
PRODUCTIEFOUTJE??,1
387946,1
STUGGER,1
GEPRINT,1
SCHOENSLIPPER,1
BOBCAT,1
UBOK,1
KUSSENTJES,1
ELBRUS,1
TALON,1
BOA,1
BEOORDELINGEN,1
AIRPORT,1
PROEF,1
KIJK,1
ZEVEN,1
382544,1
VENTILATIE,1
WANDELSNEAKERS,1
VERMOEID,1
WERKLAARS,1
GELOOF,1
BLESSURE,1
TRAINEN,1
SLECHT!,1
ZO&#039;N,1
AANWINST!,1
C66208900,1
WERKSCHOENEN,1
EVER,1
ONDERSTEUNT,1
TONG/FLAP,1
VERDWENEN,1
EIGELIJK,1
WANDELBOTINNE,1
BASIS,1
WENSEN,1
LOPERS,1
STAALTJE,1
MARKETING,1
VERPEST,1
EVENTJES,1
SLAPEN,1
HOEKJE,1
FLAP,1
GREY/OCEAN,1
DRIEDUBBEL,1
BUITENLAARZEN,1
SUPPER,1
ZAMBERLAN,1
320,1
EVO,1
TOCHT,1
ACHTER,1
OVERNACHTINGEN,1
SENT,1
INVLOED,1
IDENTIEK,1
STAPTOCHT,1
'KIES,1
GEVOELD,1
KNIEËN,1
HEUPEN,1
GUNSTIG,1
BINNENSNELLE,1
LOOPPATROON,1
SCHOENENHEERLIJKE,1
MEESTEVIGE,1
388849,1
MEEST,1
THEY,1
JEANS/AZUR,1
GEVOELE,1
VOORJE,1
TOPKWALITEIT,1
PRIJS!,1
WANDELENEN,1
ZELFSIK,1
HEELGOED,1
VONDEN,1
GEOPERREEDEN,1
HEUP,1
SCHOENENIK,1
ORDERED,1
IRRITANTE,1
LOMPE,1
GELIJMDMAAR,1
